latitude,longitude,scientific_name,taxon_family_name
36.71147,-114.713619,Aphis nerii,Aphididae
32.214217,-110.55969,Smiliini,Membracidae
35.8318974,-106.3574334,Aphidinae,Aphididae
37.67160555,-113.0349693,Aphididae,Aphididae
31.928889,-109.262222,Vanduzea,Membracidae
34.72141386,-86.78291559,Aphididae,Aphididae
35.702823,-90.397198,Aphididae,Aphididae
33.70111167,-86.69138833,Aphididae,Aphididae
40.74937427,-111.9209043,Aphididae,Aphididae
34.400415,-85.63436333,Aphis,Aphididae
34.400235,-85.634465,Aphis,Aphididae
34.33156445,-106.6533097,Aphididae,Aphididae
37.0247945,-113.3662867,Aphis nerii,Aphididae
61.32458496,-149.5126953,Pterocomma,Aphididae
34.65317643,-86.55387891,Aphidinae,Aphididae
40.49581388,-111.638343,Chaitophorus,Aphididae
32.61654663,-85.53143311,Prociphilus tessellatus,Aphididae
40.59241487,-111.6270851,Aphididae,Aphididae
60.7245369,-149.277832,Chaitophorus,Aphididae
36.24448987,-105.5987705,Publilia modesta,Membracidae
34.8129229,-111.8305634,Aphididae,Aphididae
36.9838829,-110.1129551,Aphididae,Aphididae
35.68964917,-105.8862282,Chaitophorus,Aphididae
35.113025,-106.49002,Sipha maydis,Aphididae
37.27869667,-121.810945,Aphididae,Aphididae
37.27874667,-121.8108583,Aphididae,Aphididae
38.54023992,-121.7489607,Macrosiphum rosae,Aphididae
38.44063568,-122.5240154,Aphididae,Aphididae
38.4695506,-123.0181529,Aphididae,Aphididae
34.28366487,-118.6055369,Chaitophorus populicola,Aphididae
37.395698,-121.806628,Aphididae,Aphididae
34.08508628,-118.8317246,Aphis asclepiadis,Aphididae
33.77575315,-116.3576987,Aphis nerii,Aphididae
36.10023367,-115.0223219,Hyalopterus pruni,Aphididae
37.96717168,-122.2683696,Aphis gossypii,Aphididae
37.328598,-122.092604,Brachycaudus cardui,Aphididae
37.40807589,-121.9591023,Chaitophorus,Aphididae
38.52939925,-121.7664195,Aphis,Aphididae
37.1351805,-121.7854467,Aphis,Aphididae
34.09657878,-118.7166314,Chaitophorus,Aphididae
34.20018508,-118.2132926,Aphididae,Aphididae
32.39786116,-110.6891843,Smiliini,Membracidae
37.16081117,-121.9824217,Aphididae,Aphididae
37.16842214,-122.0206774,Aphididae,Aphididae
37.03651383,-121.4046033,Aphididae,Aphididae
34.1763419,-118.6941335,Aphididae,Aphididae
34.17662564,-118.6964814,Brachycaudus cardui,Aphididae
37.39692222,-121.7975222,Brachycaudus cardui,Aphididae
34.09680157,-118.5806273,Aphis ceanothi,Aphididae
36.18396676,-94.15555199,Flatormenis proxima,Flatidae
32.42443422,-106.6761074,Vanduzea segmentata,Membracidae
32.42443422,-106.6761074,Vanduzea segmentata,Membracidae
36.77832576,-103.9805259,Cuerna alpina,Cicadellidae
34.39973901,-118.6627219,Aphis,Aphididae
35.05554167,-106.6737583,Publilia modesta,Membracidae
33.55860294,-86.70727773,Uroleucon,Aphididae
40.34919774,-111.5623533,Publilia modesta,Membracidae
33.80673267,-118.0873456,Aphididae,Aphididae
34.5500145,-111.851059,Enchenopa latipes,Membracidae
35.08553436,-106.4930508,Aphis nerii,Aphididae
40.41587076,-111.7805609,Aphididae,Aphididae
31.62649345,-86.48699188,Prociphilus tessellatus,Aphididae
37.95466097,-119.1171929,Chaitophorus populicola,Aphididae
37.23692369,-121.8800754,Brachycaudus cardui,Aphididae
32.83470981,-106.2481076,Aphis,Aphididae
35.14888073,-106.4693831,Aphididae,Aphididae
34.07426347,-118.5661643,Chaitophorus,Aphididae
35.724857,-90.417253,Aphis,Aphididae
33.486968,-85.810928,Vanduzea arquata,Membracidae
33.90271803,-111.8233824,Aphididae,Aphididae
35.09944871,-92.46621907,Aphis pomi,Aphididae
34.623134,-87.793207,Publilia reticulata,Membracidae
34.17542833,-103.3651967,Aphididae,Aphididae
35.07403897,-92.494246,Entylia carinata,Membracidae
33.30502752,-86.76152374,Vanduzea arquata,Membracidae
40.37372573,-111.7169915,Chaitophorus populicola,Aphididae
33.39227472,-86.77351301,Vanduzea segmentata,Membracidae
33.30710778,-86.75942089,Vanduzea arquata,Membracidae
40.67593,-111.5312417,Pachypappa sacculi,Aphididae
38.97518438,-114.1986346,Aphididae,Aphididae
38.97518438,-114.1986346,Aphididae,Aphididae
39.037245,-114.2696729,Aphididae,Aphididae
38.91400922,-114.1633083,Aphididae,Aphididae
34.233225,-112.0986183,Chaitophorus,Aphididae
35.779246,-90.700507,Aphididae,Aphididae
35.23780833,-108.1288917,Uroleucon,Aphididae
33.3872187,-86.7921226,Vanduzea segmentata,Membracidae
33.3872187,-86.7921226,Vanduzea segmentata,Membracidae
41.46349786,-116.9724807,Aphididae,Aphididae
33.32045528,-86.80168447,Entylia carinata,Membracidae
33.5555817,-86.6969066,Entylia carinata,Membracidae
33.490621,-86.775089,Entylia carinata,Membracidae
33.3872187,-86.7921226,Vanduzea segmentata,Membracidae
34.71409262,-86.67116886,Aphididae,Aphididae
36.31856102,-94.13996289,Vanduzea,Membracidae
33.5555817,-86.6969066,Entylia carinata,Membracidae
33.5555817,-86.6969066,Entylia carinata,Membracidae
33.5555817,-86.6969066,Entylia carinata,Membracidae
33.5555817,-86.6969066,Entylia carinata,Membracidae
33.5555817,-86.6969066,Entylia carinata,Membracidae
35.064426,-113.881134,Tuberolachnus salignus,Aphididae
33.64574722,-87.94322222,Entylia carinata,Membracidae
37.42047833,-122.0712972,Aphis farinosa,Aphididae
64.85853662,-147.857026,Aphididae,Aphididae
33.61921333,-117.79994,Brachycaudus cardui,Aphididae
33.61966667,-117.8024983,Aphis sambuci,Aphididae
33.3872187,-86.7921226,Aphis,Aphididae
33.3872187,-86.7921226,Aphis,Aphididae
33.3872187,-86.7921226,Aphidini,Aphididae
37.6138904,-118.8332262,Aphididae,Aphididae
37.6138904,-118.8332262,Aphididae,Aphididae
35.21681341,-106.6068748,Membracidae,Membracidae
33.39249732,-86.77315896,Cinara,Aphididae
32.37010179,-86.18530098,Aphididae,Aphididae
36.31858302,-94.13968558,Aphididae,Aphididae
34.5881461,-86.4588768,Aphididae,Aphididae
37.79744564,-111.4130941,Chaitophorus,Aphididae
33.30994461,-86.75558797,Vanduzea arquata,Membracidae
33.55514343,-86.6977839,Aphididae,Aphididae
33.55514343,-86.6977839,Enchenopa latipes,Membracidae
34.8322413,-111.892459,Aphididae,Aphididae
34.7239731,-86.4996546,Aphididae,Aphididae
32.10856513,-104.4237761,Aphididae,Aphididae
33.39249732,-86.77315896,Vanduzea segmentata,Membracidae
33.39249732,-86.77315896,Entylia carinata,Membracidae
34.61672167,-112.5502783,Publilia porrecta,Membracidae
34.61668,-112.5502467,Publilia porrecta,Membracidae
36.06141667,-94.17051139,Aphidinae,Aphididae
34.68141167,-92.46406667,Metcalfa pruinosa,Flatidae
33.39249732,-86.77315896,Rhopalosiphum padi,Aphididae
33.39249732,-86.77315896,Vanduzea segmentata,Membracidae
38.93902119,-114.2609196,Aphis,Aphididae
33.39249732,-86.77315896,Vanduzea segmentata,Membracidae
33.39249732,-86.77315896,Vanduzea segmentata,Membracidae
39.18226667,-116.790445,Aphididae,Aphididae
35.10036368,-92.46221346,Aphis illinoisensis,Aphididae
36.51485834,-105.574805,Smiliinae,Membracidae
64.886354,-147.805982,Chaitophorus populicola,Aphididae
36.01179317,-94.23333552,Aphis folsomii,Aphididae
35.725162,-90.422284,Aphididae,Aphididae
33.39249732,-86.77315896,Acanalonia conica,Acanaloniidae
33.39249732,-86.77315896,Vanduzea segmentata,Membracidae
35.28867774,-92.28675037,Prociphilus,Aphididae
40.45571333,-111.7687083,Chaitophorus populicola,Aphididae
33.39249732,-86.77315896,Vanduzea segmentata,Membracidae
40.583047,-111.622183,Aphididae,Aphididae
35.00723612,-106.6833283,Chaitophorus,Aphididae
35.30913168,-111.8289212,Aphididae,Aphididae
36.09707622,-94.13798757,Aphis nerii,Aphididae
35.08508333,-106.6235717,Aphididae,Aphididae
33.39249732,-86.77315896,Vanduzea segmentata,Membracidae
38.48421094,-109.3336334,Aphididae,Aphididae
36.38585333,-93.67828333,Uroleucon,Aphididae
35.09286111,-111.7038583,Publilia modesta,Membracidae
35.20921022,-106.6312767,Publilia modesta,Membracidae
38.69497058,-119.5205826,Aphididae,Aphididae
33.39249732,-86.77315896,Entylia carinata,Membracidae
33.242705,-87.52675,Aphis,Aphididae
35.75295765,-105.8334735,Chaitophorus populicola,Aphididae
35.66992794,-106.014638,Sipha maydis,Aphididae
33.39249732,-86.77315896,Vanduzea segmentata,Membracidae
34.09609294,-118.4174999,Aphis,Aphididae
35.13065312,-106.6846602,Aphis,Aphididae
35.64954722,-105.9336278,Aphididae,Aphididae
32.30043736,-111.0160225,Aphididae,Aphididae
32.30233502,-111.0163095,Aphididae,Aphididae
35.20948456,-106.4485144,Aphididae,Aphididae
34.79988694,-106.389102,Aphidini,Aphididae
34.32201164,-110.8781079,Uroleucon,Aphididae
36.12749108,-105.4966124,Pterocomma,Aphididae
33.74610967,-111.8890287,Aphidinae,Aphididae
33.53279748,-112.129023,Aphididae,Aphididae
35.16431117,-106.4649883,Aphididae,Aphididae
35.14533049,-106.558397,Aphis,Aphididae
33.3872187,-86.7921226,Aphididae,Aphididae
33.5555817,-86.6969066,Enchenopa latipes,Membracidae
40.65385036,-111.9224942,Aphis,Aphididae
35.04244124,-106.558669,Aphis,Aphididae
33.0892941,-87.0623622,Aphididae,Aphididae
33.0892941,-87.0623622,Aphididae,Aphididae
35.16634351,-106.4734348,Aphidinae,Aphididae
33.39249732,-86.77315896,Clastoptera xanthocephala,Clastopteridae
33.39249732,-86.77315896,Vanduzea segmentata,Membracidae
39.5554674,-119.833825,Aphididae,Aphididae
33.39249732,-86.77315896,Vanduzea segmentata,Membracidae
33.490621,-86.775089,Entylia carinata,Membracidae
33.246345,-86.83173333,Vanduzea segmentata,Membracidae
35.09940234,-92.46632829,Entylia carinata,Membracidae
33.3872187,-86.7921226,Neosymydobius albasiphus,Aphididae
32.36903056,-106.5613472,Aphididae,Aphididae
35.19048019,-106.5829548,Aphis asclepiadis,Aphididae
33.125608,-86.8422488,Aphididae,Aphididae
40.24574452,-111.5737724,Chaitophorus populicola,Aphididae
33.22716358,-108.2665064,Aphididae,Aphididae
33.22774474,-108.265977,Pemphigus populiramulorum,Aphididae
32.19660628,-104.7327335,Aphididae,Aphididae
33.39249732,-86.77315896,Vanduzea segmentata,Membracidae
33.932495,-112.6939467,Diceroprocta,Cicadidae
33.93253667,-112.694175,Diceroprocta,Cicadidae
33.39249732,-86.77315896,Vanduzea segmentata,Membracidae
33.30994461,-86.75558797,Vanduzea arquata,Membracidae
33.30994461,-86.75558797,Vanduzea arquata,Membracidae
33.46182632,-86.78772286,Vanduzea segmentata,Membracidae
32.87820015,-110.3965664,Antianthe expansa,Membracidae
33.30994461,-86.75558797,Vanduzea arquata,Membracidae
35.53050611,-108.6647263,Aphididae,Aphididae
31.56793138,-111.0512094,Aphidinae,Aphididae
35.11963188,-106.6572426,Aphididae,Aphididae
40.64288638,-111.6397659,Aphididae,Aphididae
34.78988487,-106.3629169,Aphididae,Aphididae
32.11050128,-104.46434,Chaitophorus populicola,Aphididae
34.91460268,-111.8545805,Aphis,Aphididae
33.55898794,-86.69535918,Entylia carinata,Membracidae
35.65817833,-106.0225917,Publilia modesta,Membracidae
36.23026333,-105.8550883,Publilia modesta,Membracidae
34.61592849,-87.78529058,Aphis illinoisensis,Aphididae
35.65811537,-106.0228674,Publilia modesta,Membracidae
33.39249732,-86.77315896,Lachnochaitophorus obscurus,Aphididae
38.827755,-115.3446883,Chaitophorus populicola,Aphididae
36.37893994,-94.23408996,Aphis,Aphididae
35.21082287,-106.4355254,Aphis,Aphididae
33.125608,-86.8422488,Entylia carinata,Membracidae
33.39249732,-86.77315896,Aphididae,Aphididae
33.3872187,-86.7921226,Vanduzea segmentata,Membracidae
33.30712917,-86.75927869,Vanduzea arquata,Membracidae
33.36647777,-86.80418617,Aphididae,Aphididae
41.30867174,-111.9300365,Aphididae,Aphididae
33.39249732,-86.77315896,Vanduzea segmentata,Membracidae
33.39249732,-86.77315896,Lachnochaitophorus obscurus,Aphididae
33.39249732,-86.77315896,Cinara,Aphididae
40.09673241,-111.6389084,Aphis spiraecola,Aphididae
31.77216944,-110.6246028,Aphis,Aphididae
31.41459733,-110.2767292,Antianthe expansa,Membracidae
33.39249732,-86.77315896,Lachnochaitophorus obscurus,Aphididae
34.518726,-112.479081,Publilia,Membracidae
36.51036423,-121.7746517,Orgeriini,Dictyopharidae
36.71336667,-114.7138883,Hyalopterus,Aphididae
36.35456081,-94.2189504,Aphis coreopsidis,Aphididae
33.39249732,-86.77315896,Lachnochaitophorus obscurus,Aphididae
33.997555,-117.3726367,Vanduzea,Membracidae
33.39249732,-86.77315896,Aphis,Aphididae
37.25439286,-112.9539556,Aphis nerii,Aphididae
33.3872187,-86.7921226,Neosymydobius albasiphus,Aphididae
33.39249732,-86.77315896,Lachnochaitophorus obscurus,Aphididae
40.99703667,-112.2004917,Aphis,Aphididae
33.45223184,-86.80826201,Vanduzea segmentata,Membracidae
35.0685718,-106.4821532,Aphididae,Aphididae
33.3872187,-86.7921226,Neosymydobius albasiphus,Aphididae
35.29756685,-106.756054,Aphidinae,Aphididae
33.6844375,-105.9217681,Cinara tonaluca,Aphididae
37.08351833,-112.6956017,Aphididae,Aphididae
37.04976,-112.7142317,Enchenopa latipes,Membracidae
37.04976167,-112.7148617,Publilia modesta,Membracidae
33.684307,-105.921776,Cinara tonaluca,Aphididae
34.19307975,-118.1045895,Edwardsiana,Cicadellidae
41.30867174,-111.9300365,Chaitophorus populicola,Aphididae
41.30867174,-111.9300365,Chaitophorus populicola,Aphididae
34.20383356,-118.1660824,Delphacoidea,
39.55318429,-119.8329023,Pterocomma smithiae,Aphididae
39.55318429,-119.8329023,Chaitophorus,Aphididae
32.81744586,-117.0609429,Delphacoidea,
33.65729167,-86.84443333,Aphididae,Aphididae
33.39249732,-86.77315896,Lachnochaitophorus obscurus,Aphididae
33.39249732,-86.77315896,Aphis craccivora,Aphididae
33.39249732,-86.77315896,Aphididae,Aphididae
33.490621,-86.775089,Enchenopa binotata,Membracidae
33.1285176,-93.1779659,Aphididae,Aphididae
35.15441652,-106.5427284,Aphis,Aphididae
35.19989817,-106.5223099,Aphidinae,Aphididae
32.27833056,-111.0206667,Chaitophorus,Aphididae
35.08083056,-106.4831167,Aphis asclepiadis,Aphididae
36.26159361,-94.22936555,Chaitophorinae,Aphididae
40.29765,-111.762055,Brachycaudus cardui,Aphididae
40.56312965,-111.8491261,Aphididae,Aphididae
35.784471,-90.702312,Chaitophorus populicola,Aphididae
38.45377323,-122.6903213,Pagaronia triunata,Cicadellidae
33.3872187,-86.7921226,Aphis,Aphididae
33.64979506,-93.83578814,Aphis nerii,Aphididae
33.125608,-86.8422488,Aphididae,Aphididae
36.35861818,-94.25461499,Aphis,Aphididae
33.65036984,-93.83485565,Aphis nerii,Aphididae
35.09378883,-106.6205367,Aphis,Aphididae
35.6656347,-105.9270284,Aphis asclepiadis,Aphididae
32.39381299,-111.1401306,Okanagodes gracilis,Cicadidae
36.35860858,-94.25445725,Aphis illinoisensis,Aphididae
39.48188,-110.0207583,Aphididae,Aphididae
35.51024311,-108.8367298,Brachycaudus cardui,Aphididae
33.54358292,-86.45451353,Aphis craccivora,Aphididae
31.54544995,-110.761259,Membracidae,Membracidae
36.0424669,-94.18386712,Entylia carinata,Membracidae
36.04227173,-94.18382613,Entylia carinata,Membracidae
38.48326333,-109.285675,Aphididae,Aphididae
33.31396862,-86.76932395,Vanduzea arquata,Membracidae
33.3801698,-86.69055815,Aphis illinoisensis,Aphididae
33.39249732,-86.77315896,Entylia carinata,Membracidae
33.54374694,-86.45457458,Metcalfa pruinosa,Flatidae
37.25833,-112.9542083,Aphididae,Aphididae
39.51398011,-119.9968376,Chaitophorus populicola,Aphididae
34.72267167,-86.53741333,Uroleucon,Aphididae
33.93311667,-112.694725,Diceroprocta apache,Cicadidae
39.52481078,-119.8155365,Aphididae,Aphididae
35.86608728,-106.6603938,Chaitophorus populicola,Aphididae
38.9731016,-114.2499861,Chaitophorus,Aphididae
41.02530281,-115.0886326,Chaitophorus populicola,Aphididae
33.71868064,-117.8609486,Antianthe expansa,Membracidae
33.70917541,-117.8760614,Antianthe expansa,Membracidae
32.42272084,-110.7625759,Chaitophorus,Aphididae
35.27332111,-111.789653,Aphis,Aphididae
33.51446167,-111.8830333,Aphis nerii,Aphididae
33.38415916,-86.83989075,Longistigma caryae,Aphididae
34.55944186,-110.0949489,Publilia modesta,Membracidae
38.9285113,-114.2790905,Aphididae,Aphididae
39.01311944,-114.2541806,Chaitophorus,Aphididae
41.95378522,-113.3548485,Aphis,Aphididae
41.76872159,-111.7743307,Aphididae,Aphididae
37.46422,-113.19217,Aphis nerii,Aphididae
32.24961718,-86.0896809,Chaitophorus,Aphididae
33.29777557,-86.2446265,Aphis,Aphididae
35.542657,-90.466069,Chaitophorus,Aphididae
35.08553402,-106.6139616,Aphidini,Aphididae
34.9882905,-111.7461793,Chaitophorus,Aphididae
32.66442871,-116.9531708,Antianthe expansa,Membracidae
34.84584819,-87.59886872,Entylia carinata,Membracidae
41.77434369,-111.6086916,Aphididae,Aphididae
35.2717481,-93.1278983,Membracoidea,
35.00443813,-106.3046025,Aphidini,Aphididae
39.44278717,-119.8552648,Aphididae,Aphididae
35.08205833,-106.62258,Aphis asclepiadis,Aphididae
32.32397409,-106.5726179,Aphididae,Aphididae
35.67224298,-105.9310111,Aphis gossypii,Aphididae
41.89833364,-122.3591031,Chaitophorus populicola,Aphididae
34.8624768,-111.7631918,Aphididae,Aphididae
35.16954397,-111.5097499,Braggia eriogoni,Aphididae
34.7443711,-86.5185728,Vanduzea arquata,Membracidae
64.886354,-147.805982,Pterocomma,Aphididae
32.44922064,-110.7702767,Aphidinae,Aphididae
33.96556777,-86.82264178,Cinara,Aphididae
33.3067733,-86.75818674,Aphis,Aphididae
37.35823611,-122.2469194,Aphididae,Aphididae
33.783805,-87.13462783,Aphis fabae,Aphididae
35.16334167,-103.70308,Aphis craccivora,Aphididae
34.86077996,-86.62497573,Aphis sambuci,Aphididae
34.62549784,-87.80464471,Aphididae,Aphididae
34.11261667,-118.1746833,Pagaronia,Cicadellidae
34.68259033,-92.58516133,Aphididae,Aphididae
34.43543,-93.880255,Prociphilus tessellatus,Aphididae
35.0819055,-106.6223533,Aphis,Aphididae
33.25672147,-87.59467314,Aphis nerii,Aphididae
34.61617833,-112.5532083,Publilia porrecta,Membracidae
33.125608,-86.8422488,Aphis vernoniae,Aphididae
37.50874,-118.639842,Ceresini,Membracidae
33.57535367,-117.7146901,Pissonotus delicatus,Delphacidae
33.54414132,-117.7316891,Euscelidius,Cicadellidae
34.49249626,-85.61878425,Vanduzea arquata,Membracidae
34.49249626,-85.61878425,Chaitophorus,Aphididae
31.88057278,-109.2065144,Publilia modesta,Membracidae
41.80329888,-111.6551721,Chaitophorus populicola,Aphididae
36.2612512,-93.97197336,Aphis illinoisensis,Aphididae
31.57233832,-111.0467051,Chaitophorus,Aphididae
34.74516564,-86.08168731,Aphididae,Aphididae
36.75238916,-111.2848128,Macrosiphini,Aphididae
64.83159509,-147.4130072,Chaitophorus populicola,Aphididae
36.66688656,-105.6692357,Aphididae,Aphididae
35.90851667,-105.0122222,Aphididae,Aphididae
38.25520087,-112.5414588,Aphididae,Aphididae
59.795405,-151.846364,Cinara,Aphididae
33.30851,-86.75758353,Aphis folsomii,Aphididae
32.39039444,-104.2195111,Aphis fabae,Aphididae
32.480125,-86.38356,Aphis illinoisensis,Aphididae
36.26165333,-105.5489583,Chaitophorus populicola,Aphididae
64.932907,-148.2430432,Pachypappa,Aphididae
34.7612045,-86.33787093,Aphididae,Aphididae
31.7933743,-85.962747,Vanduzea segmentata,Membracidae
32.7372287,-117.0430973,Antianthe,Membracidae
35.1182934,-106.5471703,Publilia modesta,Membracidae
35.93342833,-106.7087217,Publilia modesta,Membracidae
36.60711928,-104.9668761,Publilia,Membracidae
40.44393889,-111.7071167,Chaitophorus populicola,Aphididae
39.39233,-111.367867,Aphididae,Aphididae
35.93480836,-106.6844512,Publilia modesta,Membracidae
33.1285176,-93.1779659,Aphis craccivora,Aphididae
34.97187,-106.6850717,Aphididae,Aphididae
35.10668883,-106.5511633,Aphis,Aphididae
41.75562,-115.4489367,Chaitophorus populicola,Aphididae
36.20903889,-112.0622556,Chaitophorus populicola,Aphididae
36.21825833,-111.9524611,Aphis,Aphididae
34.31997049,-111.0911509,Vanduzea triguttata,Membracidae
36.59810561,-118.5821536,Aphididae,Aphididae
40.59213324,-111.6388735,Aphididae,Aphididae
35.70199433,-90.43044727,Chaitophorus populicola,Aphididae
36.57342833,-104.5899117,Publilia modesta,Membracidae
32.55483833,-117.0828028,Antianthe,Membracidae
31.3087523,-86.244303,Aphis,Aphididae
33.90631389,-86.795975,Entylia carinata,Membracidae
31.53106944,-110.7666167,Membracidae,Membracidae
33.41700651,-86.78025487,Vanduzea segmentata,Membracidae
33.41700651,-86.78025487,Vanduzea segmentata,Membracidae
33.80072309,-85.75534519,Vanduzea segmentata,Membracidae
33.24035333,-87.539505,Aphididae,Aphididae
33.78508467,-87.13486457,Entylia carinata,Membracidae
38.601955,-111.6211,Publilia modesta,Membracidae
36.24777214,-112.077497,Pachypappa sacculi,Aphididae
33.24070333,-87.53946667,Aphididae,Aphididae
35.07738904,-106.6216078,Aphis asclepiadis,Aphididae
31.86077833,-109.189505,Chaitophorus,Aphididae
32.24860382,-106.7717133,Aphidinae,Aphididae
31.498497,-110.845245,Antianthe expansa,Membracidae
31.498793,-110.845573,Antianthe expansa,Membracidae
34.98407109,-86.83960341,Neosymydobius,Aphididae
31.53795,-110.76088,Antianthe expansa,Membracidae
33.24072264,-87.54169464,Aphis fabae,Aphididae
41.53460333,-116.03163,Publilia modesta,Membracidae
32.52723,-110.5053717,Bajulata bajula,Membracidae
33.51705039,-117.1196888,Homalodisca,Cicadellidae
33.70630444,-108.75751,Aphis craccivora,Aphididae
33.3872187,-86.7921226,Chaitophorus,Aphididae
32.24793333,-110.908395,Aphis spiraecola,Aphididae
41.02852139,-115.04965,Chaitophorus populicola,Aphididae
57.05094722,-135.3219806,Aphis varians,Aphididae
64.85865021,-147.8564911,Chaitophorus,Aphididae
64.85866547,-147.8564453,Chaitophorus,Aphididae
64.85870361,-147.8566895,Chaitophorus,Aphididae
33.39249732,-86.77315896,Lachnochaitophorus obscurus,Aphididae
33.37656844,-86.69737558,Aphis craccivora,Aphididae
33.3872187,-86.7921226,Aphis spiraecola,Aphididae
33.39249732,-86.77315896,Aphididae,Aphididae
33.39249732,-86.77315896,Ophiderma flavicephala,Membracidae
38.56844038,-121.4240594,Sipha maydis,Aphididae
32.76641219,-117.1652319,Aphididae,Aphididae
37.17997167,-121.7721117,Aphis,Aphididae
37.23991667,-122.0690222,Aphis craccivora,Aphididae
33.39249732,-86.77315896,Lachnochaitophorus obscurus,Aphididae
38.6507325,-121.1991779,Chaitophorus,Aphididae
33.65369621,-117.8194746,Aphididae,Aphididae
32.88021485,-110.5829431,Aphididae,Aphididae
37.36183687,-122.2058476,Aphis,Aphididae
32.5543685,-117.0648487,Aphis spiraecola,Aphididae
38.81316667,-120.9258283,Prociphilus,Aphididae
32.70594065,-116.8475463,Aphis ceanothi,Aphididae
37.20016167,-121.9799717,Chaitophorus,Aphididae
34.21331974,-118.2552164,Aphis craccivora,Aphididae
38.81315333,-120.925895,Prociphilus,Aphididae
38.59304,-121.330775,Aphis,Aphididae
37.58585597,-122.409983,Aphis,Aphididae
38.29192778,-122.5206833,Aphis fabae,Aphididae
34.43067284,-118.5237276,Chaitophorus,Aphididae
38.81398,-120.9269333,Aphidinae,Aphididae
59.267003,-135.60519,Pterocomma sanguiceps,Aphididae
34.44840234,-119.8153349,Aphididae,Aphididae
37.191145,-121.8405133,Aphididae,Aphididae
33.97148611,-117.2719583,Chaitophorus,Aphididae
37.869664,-122.214463,Brachycaudus cardui,Aphididae
39.43034425,-119.7409149,Aphididae,Aphididae
37.86399167,-122.5334633,Aphididae,Aphididae
33.20756167,-117.0819862,Aphidinae,Aphididae
37.20593071,-122.0374799,Aphididae,Aphididae
39.36035765,-119.8399916,Aphididae,Aphididae
32.67526833,-116.8254883,Aphididae,Aphididae
38.63638643,-121.2208072,Chaitophorus,Aphididae
33.35033833,-118.3318033,Aphis sambuci,Aphididae
32.91953667,-116.5993333,Aphis sambuci,Aphididae
34.04158347,-117.8425611,Aphis,Aphididae
38.51871167,-121.6906717,Chaitophorus populicola,Aphididae
34.23951228,-117.8571063,Aphis craccivora,Aphididae
33.97011167,-117.323595,Macrosiphini,Aphididae
39.17886379,-119.8979694,Aphididae,Aphididae
33.74886667,-118.41237,Sipha,Aphididae
33.39249732,-86.77315896,Vanduzea segmentata,Membracidae
34.065575,-118.440445,Aphididae,Aphididae
37.74212,-122.4435883,Aphis sambuci,Aphididae
34.14196795,-117.9379592,Chaitophorus,Aphididae
38.6507325,-121.1991779,Aphididae,Aphididae
35.51034442,-108.8368966,Sipha maydis,Aphididae
34.85122903,-120.3097188,Aphis gossypii,Aphididae
38.6507325,-121.1991779,Aphididae,Aphididae
40.27431333,-124.223655,Eriosomatinae,Aphididae
34.25713167,-112.064215,Aphididae,Aphididae
34.06569475,-118.4405379,Aphididae,Aphididae
34.34677039,-119.0607265,Aphididae,Aphididae
34.62549784,-87.80464471,Aphididae,Aphididae
34.62549784,-87.80464471,Aphis spiraecola,Aphididae
35.03430538,-106.5826488,Aphis craccivora,Aphididae
33.33183667,-116.907105,Aphididae,Aphididae
33.39249732,-86.77315896,Vanduzea segmentata,Membracidae
34.011815,-106.9379137,Uroleucon,Aphididae
37.28305025,-121.823232,Japananus hyalinus,Cicadellidae
33.36640015,-118.4711977,Aphis,Aphididae
37.01649652,-121.6846291,Brachycaudus,Aphididae
34.456429,-119.456529,Aphis gossypii,Aphididae
39.35793013,-119.839997,Aphididae,Aphididae
41.60980864,-111.8877552,Chaitophorus populicola,Aphididae
33.39249732,-86.77315896,Vanduzea segmentata,Membracidae
37.15995437,-121.8984164,Aphididae,Aphididae
38.29956907,-120.3486165,Aphididae,Aphididae
39.58148957,-119.9455601,Aphis nerii,Aphididae
33.39249732,-86.77315896,Vanduzea segmentata,Membracidae
33.39249732,-86.77315896,Vanduzea segmentata,Membracidae
36.260425,-112.0222695,Aphididae,Aphididae
35.57789445,-106.0460078,Aphis,Aphididae
33.39249732,-86.77315896,Aphis gossypii,Aphididae
33.5351168,-117.7421149,Aphis sambuci,Aphididae
40.71927072,-111.7187352,Aphididae,Aphididae
36.07341117,-94.15650283,Aphis illinoisensis,Aphididae
34.17861205,-118.4720015,Aphididae,Aphididae
33.3872187,-86.7921226,Aphis cephalanthi,Aphididae
38.6507325,-121.1991779,Aphididae,Aphididae
33.39249732,-86.77315896,Entylia carinata,Membracidae
33.39249732,-86.77315896,Vanduzea segmentata,Membracidae
32.42342649,-110.9191781,Stictopelta marmorata,Membracidae
32.27888147,-111.0225232,Aphididae,Aphididae
37.01728192,-122.072959,Aphididae,Aphididae
33.39249732,-86.77315896,Vanduzea segmentata,Membracidae
33.39249732,-86.77315896,Entylia carinata,Membracidae
36.0884819,-94.1990509,Aphidinae,Aphididae
39.57771667,-119.9272583,Aphididae,Aphididae
32.5379478,-85.5825613,Rhynchomitra,Dictyopharidae
35.99566658,-94.29226935,Aphis,Aphididae
31.41626667,-110.2761389,Antianthe expansa,Membracidae
34.99219333,-106.3571083,Aphididae,Aphididae
34.29599729,-118.3746076,Aphididae,Aphididae
40.946105,-122.0788945,Aphididae,Aphididae
38.04353176,-122.6679404,Aphididae,Aphididae
37.74798611,-122.2430583,Aphididae,Aphididae
40.66274395,-124.1348103,Aphis,Aphididae
37.75290556,-122.2467944,Aphidinae,Aphididae
34.72795833,-86.53724667,Entylia carinata,Membracidae
36.5362767,-121.9447219,Aphis,Aphididae
37.7309582,-119.5590638,Aphididae,Aphididae
40.6810901,-110.9648641,Aphididae,Aphididae
38.0949339,-120.1631228,Aphididae,Aphididae
33.46137833,-117.7152283,Aphididae,Aphididae
32.27910842,-111.0223782,Aphididae,Aphididae
32.27914179,-111.0221501,Chaitophorus,Aphididae
34.32387,-111.0967333,Publilia modesta,Membracidae
33.09909722,-116.596025,Aphis spiraecola,Aphididae
39.05476146,-122.8636127,Membracidae,Membracidae
31.49888611,-110.8455917,Antianthe expansa,Membracidae
32.94005667,-117.2509867,Sipha,Aphididae
34.11384,-118.222555,Aphididae,Aphididae
32.27913011,-111.0221568,Chaitophorus,Aphididae
32.27912857,-111.0221724,Chaitophorus,Aphididae
34.20560375,-118.165788,Aphis farinosa,Aphididae
31.9897,-109.1724278,Vanduzea,Membracidae
37.17174855,-121.8734947,Aphidinae,Aphididae
34.41387222,-117.8587639,Aphididae,Aphididae
33.58910833,-116.5995944,Macrosiphoniella,Aphididae
37.03983186,-122.0496661,Cochlorhinina,Cicadellidae
34.01560348,-119.3636855,Aphididae,Aphididae
33.0057132,-117.2616121,Aphididae,Aphididae
33.125608,-86.8422488,Vanduzea segmentata,Membracidae
32.22301865,-88.28406525,Aphis craccivora,Aphididae
33.60789035,-117.7597257,Aphididae,Aphididae
39.35995436,-119.8387605,Aphididae,Aphididae
36.21091167,-106.2518167,Pemphigus obesinymphae,Aphididae
38.73375278,-121.2494417,Chaitophorus populicola,Aphididae
38.29916833,-123.0577017,Membracoidea,
38.79410333,-120.0208583,Aphidinae,Aphididae
34.83900512,-107.9127859,Publilia modesta,Membracidae
37.70305333,-121.0303195,Aphis gossypii,Aphididae
38.08714717,-119.1843333,Aphidinae,Aphididae
36.66115833,-121.7710944,Aphis frangulae,Aphididae
37.8457665,-119.1424462,Aphididae,Aphididae
34.15259053,-118.3090406,Aphis gossypii,Aphididae
35.11836111,-106.5469944,Aphis nerii,Aphididae
37.12195983,-118.2558608,Aphis,Aphididae
34.51328436,-118.4903243,Chaitophorus populicola,Aphididae
34.00777548,-117.3127593,Chaitophorus,Aphididae
37.27986111,-121.8120028,Aphididae,Aphididae
31.835829,-109.3381501,Ashmeadea carinata,Membracidae
38.259884,-121.805625,Tuberolachnus salignus,Aphididae
34.17778376,-118.4733787,Chaitophorus populicola,Aphididae
38.258429,-121.808738,Aphis neogillettei,Aphididae
35.77679667,-106.269295,Aphis asclepiadis,Aphididae
32.73511187,-117.141797,Aphis,Aphididae
40.78431944,-111.1380306,Chaitophorus populicola,Aphididae
34.86148286,-106.7136547,Membracoidea,Membracidae
35.29359917,-120.8098235,Aphis fabae,Aphididae
33.37418919,-86.69946669,Hysteroneura setariae,Aphididae
34.2363903,-119.1722431,Antianthe expansa,Membracidae
35.80538376,-106.1403056,Aphis,Aphididae
39.46456347,-121.8859217,Aphidini,Aphididae
38.78966012,-119.9489249,Aphididae,Aphididae
38.56519332,-121.3889601,Aphididae,Aphididae
33.81577427,-85.72420373,Aphis gossypii,Aphididae
33.89858056,-117.5072361,Aphidini,Aphididae
37.73345816,-122.4200934,Aphididae,Aphididae
32.413634,-86.2195891,Prociphilus tessellatus,Aphididae
37.667255,-121.749655,Chaitophorus populicola,Aphididae
34.14407724,-118.4063323,Aphididae,Aphididae
34.8317008,-87.58833233,Toxoptera,Aphididae
34.83119166,-87.58257162,Aphis craccivora,Aphididae
37.20483333,-121.9776306,Aphis craccivora,Aphididae
35.67029797,-106.0767394,Publilia modesta,Membracidae
34.15463534,-118.2919333,Aphis,Aphididae
34.15486817,-118.293223,Aphididae,Aphididae
31.7959737,-85.9620517,Chaitophorus populicola,Aphididae
39.35836167,-119.83995,Aphididae,Aphididae
34.68259033,-92.58516133,Aphididae,Aphididae
37.3628958,-121.9680216,Aphididae,Aphididae
37.3626,-121.9678639,Aphididae,Aphididae
35.1399,-106.6802528,Aphididae,Aphididae
37.35014404,-121.967886,Chaitophorus populicola,Aphididae
32.98528553,-116.5710464,Aphis,Aphididae
37.36282833,-121.9681167,Sipha maydis,Aphididae
38.57142833,-121.7501667,Chaitophorus populicola,Aphididae
33.39249732,-86.77315896,Aphis spiraecola,Aphididae
34.0811332,-118.5660508,Aphididae,Aphididae
34.04102849,-118.5319719,Aphididae,Aphididae
37.67208833,-121.9101867,Sipha maydis,Aphididae
34.28178228,-118.5278562,Aphididae,Aphididae
32.93721167,-117.1478725,Aphididae,Aphididae
39.0997265,-94.5785667,Aphididae,Aphididae
34.21882648,-118.642137,Aphis coreopsidis,Aphididae
33.89829722,-117.5073944,Aphis gossypii,Aphididae
35.9601854,-90.186439,Aphis nerii,Aphididae
34.15488778,-118.2931805,Aphididae,Aphididae
34.13841389,-118.1257333,Aphididae,Aphididae
34.53425991,-118.5309321,Aphididae,Aphididae
33.66379167,-117.8411117,Aphis sambuci,Aphididae
37.32956667,-121.936355,Aphididae,Aphididae
33.89843611,-117.5073389,Aphis gossypii,Aphididae
37.66716167,-121.7492967,Aphididae,Aphididae
31.52638708,-110.7732682,Antianthe expansa,Membracidae
34.76324167,-111.89103,Antianthe expansa,Membracidae
43.64684244,-79.46281402,Aphis asclepiadis,Aphididae
34.42021667,-119.6026617,Aphis,Aphididae
34.14756667,-118.1654278,Aphididae,Aphididae
33.39249732,-86.77315896,Aphis,Aphididae
38.60480556,-109.5283278,Aphis fabae,Aphididae
38.25638667,-122.2805333,Aphis fabae,Aphididae
37.91080178,-122.2362984,Aphididae,Aphididae
36.14183,-114.791247,Aphis nerii,Aphididae
34.46531622,-105.0737221,Aphidinae,Aphididae
40.48982687,-109.0706384,Aphis chrysothamni,Aphididae
34.00742446,-117.3065079,Chaitophorus,Aphididae
34.76324846,-111.8946954,Aphididae,Aphididae
35.73167,-106.1017731,Lachninae,Aphididae
32.17658625,-110.488661,Aphis sambuci,Aphididae
